chunk_start_ms,chunk_end_ms,count,mean,median,min,max
0,500,2000,932.848500,523.000000,489,4095
500,1000,2000,1372.318500,531.000000,487,4095
1000,1500,2000,1396.670000,532.000000,488,4095
1500,2000,2000,1412.842000,533.000000,479,4095
2000,2500,2000,1402.508000,532.000000,453,4095
2500,3000,2000,1411.993500,533.000000,475,4095
3000,3500,2000,1398.694500,533.000000,448,4095
3500,4000,2000,1401.604500,533.000000,479,4095
4000,4500,2000,1398.004500,532.000000,451,4095
4500,5000,2000,1405.361000,533.000000,478,4095
5000,5500,2000,1330.279000,526.000000,453,4095
5500,6000,2000,1712.321000,972.000000,467,4095
6000,6500,2000,1389.671500,532.000000,447,4095
6500,7000,2000,1378.650000,533.000000,470,4095
7000,7500,2000,1283.245000,525.000000,451,4095
7500,8000,2000,1336.212000,533.000000,466,4095
8000,8500,2000,1355.845500,532.000000,448,4095
8500,9000,2000,1306.269500,532.500000,468,4095
9000,9500,2000,1330.632500,531.000000,447,4095
9500,10000,2000,1302.421000,530.000000,488,4095
10000,10500,2000,1338.897500,530.000000,444,4095
10500,11000,2000,1653.193500,537.000000,489,4095
11000,11500,2000,1464.387500,533.000000,452,4095
11500,12000,2000,1434.929000,534.000000,487,4095
12000,12500,2000,1457.261500,533.000000,448,4095
12500,13000,2000,1431.193500,531.000000,451,4095
13000,13500,2000,2614.436500,2717.000000,483,4095
13500,14000,2000,2795.163000,2793.000000,2250,3983
14000,14500,2000,2844.191000,2843.000000,2356,3807
14500,15000,2000,2854.156000,2847.000000,2389,3853
15000,15500,2000,2831.720500,2836.000000,2381,3807
15500,16000,2000,2272.294000,2616.500000,0,4095
16000,16500,2000,1412.119000,1489.500000,0,2521
16500,17000,2000,1824.253000,1816.000000,0,4095
17000,17500,2000,1193.812500,523.000000,446,4095
17500,18000,2000,1613.202500,536.500000,479,4095
18000,18500,2000,1443.309000,531.000000,456,4095
18500,19000,2000,1375.939000,532.000000,474,4095
19000,19500,2000,1354.126500,525.000000,447,4095
19500,20000,2000,1357.602000,531.000000,477,4095
20000,20500,2000,1343.364000,527.000000,453,4095
20500,21000,2000,1343.470000,527.000000,477,4095
21000,21500,2000,1388.255500,531.500000,448,4095
21500,22000,2000,1631.210500,535.000000,445,4095
22000,22500,2000,1414.257000,533.000000,469,4095
22500,23000,2000,1418.282500,533.000000,431,4095
23000,23500,2000,1423.994000,533.000000,461,4095
23500,24000,2000,1423.010000,533.000000,414,4095
24000,24500,2000,1400.540500,533.000000,467,4095
24500,25000,2000,1404.779500,533.000000,447,4095
25000,25500,2000,1404.001500,532.000000,487,4095
25500,26000,2000,1395.558000,527.000000,439,4095
26000,26500,2000,1406.247500,531.000000,488,4095
26500,27000,2000,1602.785500,535.000000,457,4095
27000,27500,2000,1405.985000,532.000000,487,4095
27500,28000,2000,1394.197000,531.000000,488,4095
28000,28500,2000,1360.675000,530.500000,487,4095
28500,29000,2000,1319.834500,527.000000,487,4095
29000,29500,2000,1329.773500,527.000000,488,4095
29500,30000,2000,1341.222000,528.000000,487,4095
30000,30500,2000,1331.466000,531.000000,489,4095
30500,31000,2000,1350.566500,532.000000,489,4095
31000,31500,2000,1351.357000,533.000000,488,4095
31500,32000,2000,1334.661500,528.000000,489,4095
32000,32500,2000,1606.353000,535.000000,487,4095
32500,33000,2000,1386.655500,533.000000,477,4095
33000,33500,2000,1375.699000,531.000000,479,4095
33500,34000,2000,1382.097500,532.000000,475,4095
34000,34500,2000,1383.749000,532.000000,475,4095
34500,35000,2000,1389.613500,533.000000,468,4095
35000,35500,2000,1396.071500,533.000000,476,4095
35500,36000,2000,1373.966500,525.000000,443,4095
36000,36500,2000,1386.089500,533.000000,477,4095
36500,37000,2000,1378.608000,527.500000,427,4095
37000,37500,2000,1587.510500,534.000000,462,4095
37500,38000,2000,1400.909000,532.000000,452,4095
38000,38500,2000,1250.895500,523.000000,447,4095
38500,39000,2000,1460.537500,533.000000,444,4095
39000,39500,2000,1166.190500,523.000000,427,4095
39500,40000,2000,1501.459000,534.000000,434,4095
40000,40500,2000,1129.619500,523.000000,437,4095
40500,41000,2000,1521.243500,533.000000,437,4095
41000,41500,2000,1312.319500,524.000000,444,4095
41500,42000,2000,1334.008000,531.000000,486,4095
42000,42500,2000,1357.511000,526.000000,443,4095
42500,43000,2000,1590.937500,535.000000,487,4095
43000,43500,2000,1376.823500,526.000000,445,4095
43500,44000,2000,1396.147000,532.000000,487,4095
44000,44500,2000,1393.749500,531.000000,445,4095
44500,45000,2000,1369.319500,525.000000,437,4095
45000,45500,2000,1389.159000,533.000000,486,4095
45500,46000,2000,1371.865000,525.500000,447,4095
46000,46500,2000,1392.232500,533.000000,486,4095
46500,47000,2000,1382.015000,525.000000,434,4095
47000,47500,2000,1390.654500,533.000000,487,4095
47500,48000,2000,1293.018000,523.000000,445,4095
48000,48500,2000,1693.996000,539.000000,483,4095
48500,49000,2000,1376.918000,531.000000,443,4095
49000,49500,2000,1334.926500,527.500000,463,4095
49500,50000,2000,1370.281500,525.000000,443,4095
50000,50500,2000,1239.330000,524.000000,451,4095
50500,51000,2000,1443.170500,533.000000,310,4095
51000,51500,2000,1175.558000,523.000000,442,4095
51500,52000,2000,1494.970000,535.000000,452,4095
52000,52500,2000,1360.500000,533.000000,434,4095
52500,53000,2000,1358.174500,533.000000,463,4095
53000,53500,2000,1350.443500,532.000000,437,4095
53500,54000,2000,1621.636000,696.500000,467,4095
54000,54500,2000,1408.260000,535.000000,423,4095
54500,55000,2000,1412.957000,533.500000,463,4095
55000,55500,2000,1386.967500,534.000000,431,4095
55500,56000,2000,1408.447000,534.000000,445,4095
56000,56500,2000,1405.585500,534.000000,485,4095
56500,57000,2000,1361.412000,532.000000,446,4095
57000,57500,2000,1401.523500,534.000000,485,4095
57500,58000,2000,1360.688000,533.000000,441,4095
58000,58500,2000,1405.168500,535.000000,486,4095
58500,59000,2000,1518.984500,536.000000,445,4095
59000,59500,2000,1530.862500,535.000000,483,4095
59500,60000,2000,1352.854000,533.000000,463,4095
60000,60500,2000,1341.057500,533.000000,485,4095
60500,61000,2000,1349.449500,533.000000,486,4095
61000,61500,2000,1360.591000,534.000000,485,4095
61500,62000,2000,1356.184500,534.000000,485,4095
62000,62500,2000,1373.825000,534.000000,485,4095
62500,63000,2000,1311.123500,533.000000,483,4095
63000,63500,2000,1356.473500,533.000000,485,4095
63500,64000,2000,1344.677000,533.000000,486,4095
64000,64500,2000,1625.169000,687.000000,477,4095
64500,65000,2000,1388.906500,534.000000,475,4095
65000,65500,2000,1386.672000,534.000000,475,4095
65500,66000,2000,1385.167500,534.000000,473,4095
66000,66500,2000,1401.946000,534.500000,476,4095
66500,67000,2000,1388.387000,534.000000,474,4095
67000,67500,2000,1387.311500,535.000000,477,4095
67500,68000,2000,1390.875000,535.000000,485,4095
68000,68500,2000,1407.365000,535.000000,461,4095
68500,69000,2000,1210.161000,524.000000,427,4095
69000,69500,2000,1532.548000,537.000000,431,4095
69500,70000,2000,1294.173000,957.500000,444,4095
70000,70500,2000,783.838500,776.000000,628,1339
70500,71000,2000,850.709500,839.000000,662,1356
71000,71500,2000,923.819000,915.000000,779,1388
71500,72000,2000,1228.129000,1191.000000,123,2867
72000,72500,2000,1061.159500,1037.000000,0,4095
72500,73000,2000,305.149000,211.000000,0,3167
73000,73500,2000,1071.948000,523.000000,0,4095
73500,74000,2000,1325.468000,533.000000,482,4095
74000,74500,2000,1341.117000,533.000000,435,4095
74500,75000,2000,1579.801500,606.000000,444,4095
75000,75500,2000,1392.053000,533.000000,445,4095
75500,76000,2000,1446.741500,676.500000,435,4095
76000,76500,2000,1431.033000,539.000000,477,4095
76500,77000,2000,1398.718000,535.000000,446,4095
77000,77500,2000,1377.782500,534.000000,432,4095
77500,78000,2000,1380.906500,534.000000,435,4095
78000,78500,2000,1363.516500,534.000000,445,4095
78500,79000,2000,1375.562000,534.000000,484,4095
79000,79500,2000,1377.516000,534.000000,439,4095
79500,80000,2000,1285.852500,526.000000,440,4095
80000,80500,2000,1503.015000,536.000000,445,4095
80500,81000,2000,1470.473500,535.000000,451,4095
81000,81500,2000,1453.814500,535.000000,439,4095
81500,82000,2000,1314.227500,534.000000,443,4095
82000,82500,2000,1346.724500,533.000000,439,4095
82500,83000,2000,1279.188500,533.000000,457,4095
83000,83500,2000,1381.014000,534.000000,435,4095
83500,84000,2000,1341.058000,533.000000,443,4095
84000,84500,2000,1333.497500,533.000000,439,4095
84500,85000,2000,1333.447500,535.000000,463,4095
85000,85500,2000,1355.828500,534.000000,440,4095
85500,86000,2000,1594.719500,537.000000,443,4095
86000,86500,2000,1376.345000,535.000000,463,4095
86500,87000,2000,1391.565000,535.000000,462,4095
87000,87500,2000,1401.524500,535.000000,463,4095
87500,88000,2000,1408.850500,536.000000,486,4095
88000,88500,2000,1374.410000,534.000000,487,4095
88500,89000,2000,1381.470500,534.000000,486,4095
89000,89500,2000,1390.739500,534.000000,484,4095
89500,90000,2000,1477.954000,535.000000,471,4095
90000,90500,2000,1402.349000,534.000000,474,4095
90500,91000,2000,1472.504000,535.000000,485,4095
91000,91500,2000,1524.098000,535.000000,484,4095
91500,92000,2000,1359.752000,533.000000,485,4095
92000,92500,2000,1339.416000,534.000000,486,4095
92500,93000,2000,1321.920000,534.000000,485,4095
93000,93500,2000,1365.948000,533.000000,483,4095
93500,94000,2000,1316.882000,533.000000,485,4095
94000,94500,2000,1353.290500,533.000000,487,4095
94500,95000,2000,1325.716000,533.000000,486,4095
95000,95500,2000,1353.145500,534.000000,485,4095
95500,96000,2000,1356.179500,534.000000,477,4095
96000,96500,2000,1586.030000,537.000000,477,4095
96500,97000,2000,1382.387000,535.000000,477,4095
97000,97500,2000,1395.589000,535.000000,474,4095
97500,98000,2000,1409.232500,534.000000,473,4095
98000,98500,2000,1375.209500,534.000000,477,4095
98500,99000,2000,1406.445000,535.000000,475,4095
99000,99500,2000,1384.598000,534.000000,461,4095
99500,100000,2000,1409.831000,535.000000,459,4095
100000,100500,2000,1423.977000,535.000000,462,4095
100500,101000,2000,1431.825500,534.000000,461,4095
101000,101500,2000,1438.011000,535.000000,421,4095
101500,102000,2000,1654.244000,628.500000,425,4095
102000,102500,2000,1421.318000,534.000000,415,4095
102500,103000,2000,1163.682500,523.000000,443,4095
103000,103500,2000,1597.885500,538.000000,454,4095
103500,104000,2000,1401.482000,534.000000,444,4095
104000,104500,2000,1391.785000,533.000000,437,4095
104500,105000,2000,1392.101000,534.000000,447,4095
105000,105500,2000,1380.767000,534.000000,444,4095
105500,106000,2000,1427.937500,535.000000,483,4095
106000,106500,2000,1412.745000,535.000000,444,4095
106500,107000,2000,1640.876500,762.000000,435,4095
107000,107500,2000,1416.990000,534.000000,435,4095
107500,108000,2000,1443.994500,535.000000,445,4095
108000,108500,2000,1439.492000,535.000000,435,4095
108500,109000,2000,1420.538500,535.000000,445,4095
109000,109500,2000,1445.203500,535.000000,483,4095
109500,110000,2000,1439.822000,535.000000,435,4095
110000,110500,2000,1449.360000,535.000000,446,4095
110500,111000,2000,1414.370500,535.000000,435,4095
111000,111500,2000,1361.342500,534.000000,452,4095
111500,112000,2000,1396.131000,535.000000,444,4095
112000,112500,2000,1568.783500,537.000000,437,4095
112500,113000,2000,1603.899000,540.000000,447,4095
113000,113500,2000,1415.497000,534.000000,446,4095
113500,114000,2000,1373.931000,535.000000,435,4095
114000,114500,2000,1418.133500,535.000000,437,4095
114500,115000,2000,1360.574000,533.000000,447,4095
115000,115500,2000,1376.250000,535.000000,463,4095
115500,116000,2000,1375.707500,534.000000,437,4095
116000,116500,2000,1402.919000,535.000000,421,4095
116500,117000,2000,1392.156000,535.000000,437,4095
117000,117500,2000,1408.462000,535.000000,461,4095
117500,118000,2000,1680.965000,1246.000000,461,4095
118000,118500,2000,1453.340000,535.000000,461,4095
118500,119000,2000,1440.418500,535.000000,468,4095
119000,119500,2000,1435.356500,535.000000,466,4095
119500,120000,2000,1434.770500,535.000000,469,4095
120000,120500,2000,1444.218500,535.000000,473,4095
120500,121000,2000,1434.732500,535.000000,469,4095
121000,121500,2000,1434.823500,535.000000,475,4095
121500,122000,2000,1431.453000,535.000000,480,4095
122000,122500,2000,1414.596000,535.000000,467,4095
122500,123000,2000,1470.005500,535.000000,469,4095
123000,123500,2000,1649.752500,835.000000,467,4095
123500,124000,2000,1347.465000,534.000000,467,4095
124000,124500,2000,1345.281000,535.000000,463,4095
124500,125000,2000,1420.871000,535.000000,465,4095
125000,125500,2000,1385.305500,535.000000,487,4095
125500,126000,2000,1412.450500,535.000000,479,4095
126000,126500,2000,1395.962000,535.000000,461,4095
126500,127000,2000,1361.363500,535.000000,473,4095
127000,127500,2000,1491.218500,536.000000,446,4095
127500,128000,2000,1385.803000,535.000000,477,4095
128000,128500,2000,1681.924500,1037.000000,471,4095
128500,129000,2000,1459.464500,535.000000,464,4095
129000,129500,2000,1452.798500,536.000000,464,4095
129500,130000,2000,1422.518000,535.000000,477,4095
130000,130500,2000,1438.316000,535.000000,466,4095
130500,131000,2000,1437.477500,535.000000,461,4095
131000,131500,2000,1427.012000,535.000000,462,4095
131500,132000,2000,1431.548500,535.000000,470,4095
132000,132500,2000,1448.146000,535.000000,453,4095
132500,133000,2000,1434.188000,535.000000,445,4095
133000,133500,2000,1502.317500,535.000000,452,4095
133500,134000,2000,1610.112000,605.000000,430,4095
134000,134500,2000,1370.313500,533.000000,441,4095
134500,135000,2000,1186.704000,524.000000,443,4095
135000,135500,2000,1560.582500,538.000000,445,4095
135500,136000,2000,1426.465000,535.000000,446,4095
136000,136500,2000,1435.961500,535.000000,441,4095
136500,137000,2000,1365.914000,533.000000,445,4095
137000,137500,2000,1389.484000,534.000000,445,4095
137500,138000,2000,1382.036500,533.000000,451,4095
138000,138500,2000,1378.298500,534.000000,439,4095
138500,139000,2000,1642.284500,789.500000,435,4095
139000,139500,2000,1437.509500,535.000000,441,4095
139500,140000,2000,1432.917000,535.000000,483,4095
140000,140500,2000,1421.683500,535.000000,435,4095
140500,141000,2000,1442.767500,536.000000,452,4095
141000,141500,2000,1419.046500,535.000000,437,4095
141500,142000,2000,1425.769000,535.000000,435,4095
142000,142500,2000,1414.113000,535.000000,433,4095
142500,143000,2000,1414.298500,535.000000,433,4095
143000,143500,2000,1400.870500,535.000000,442,4095
143500,144000,2000,1466.520000,536.000000,446,4095
144000,144500,2000,1635.303000,755.500000,443,4095
144500,145000,2000,1412.808000,535.000000,435,4095
145000,145500,2000,1386.168000,534.500000,433,4095
145500,146000,2000,1385.810000,534.000000,433,4095
146000,146500,2000,1366.310500,535.000000,439,4095
146500,147000,2000,1186.738500,523.000000,427,4095
147000,147500,2000,1545.788500,537.000000,445,4095
147500,148000,2000,1407.306000,535.000000,460,4095
148000,148500,2000,1390.334000,535.000000,460,4095
148500,149000,2000,1382.099500,535.000000,459,4095
149000,149500,2000,1406.526500,535.000000,459,4095
149500,150000,2000,1675.660000,1179.500000,454,4095
150000,150500,2000,1421.674000,535.000000,468,4095
150500,151000,2000,1444.969500,535.000000,470,4095
151000,151500,2000,1430.962500,535.000000,460,4095
151500,152000,2000,1423.340500,535.000000,484,4095
152000,152500,2000,1432.136500,535.000000,459,4095
152500,153000,2000,1417.249000,535.000000,459,4095
153000,153500,2000,1435.040500,535.000000,463,4095
153500,154000,2000,1445.706500,535.000000,473,4095
154000,154500,2000,1427.379500,535.000000,458,4095
154500,155000,2000,1478.453500,535.000000,468,4095
155000,155500,2000,1548.101000,537.000000,457,4095
155500,156000,2000,1345.266000,534.000000,467,4095
156000,156500,2000,1407.156500,535.000000,463,4095
156500,157000,2000,1363.256500,535.000000,468,4095
157000,157500,2000,1392.731500,535.000000,454,4095
157500,158000,2000,1382.932500,535.000000,461,4095
158000,158500,2000,1368.816000,535.000000,461,4095
158500,159000,2000,1385.842500,535.000000,459,4095
159000,159500,2000,1376.358000,535.000000,473,4095
159500,160000,2000,1372.450500,535.000000,459,4095
160000,160500,2000,1692.387000,1376.500000,459,4095
160500,161000,2000,1416.226000,535.000000,467,4095
161000,161500,2000,1418.732500,535.000000,467,4095
161500,162000,2000,1414.906500,535.000000,457,4095
162000,162500,2000,1420.854000,535.000000,463,4095
162500,163000,2000,1433.226000,535.000000,457,4095
163000,163500,2000,1477.076500,535.000000,434,4095
163500,164000,2000,1464.677500,535.000000,432,4095
164000,164500,2000,1394.579500,534.000000,443,4095
164500,165000,2000,1368.018500,535.000000,436,4095
165000,165500,2000,1482.392000,535.000000,446,4095
165500,166000,2000,1514.003000,537.000000,442,4095
166000,166500,2000,1523.133500,537.000000,445,4095
166500,167000,2000,1457.667500,535.000000,442,4095
167000,167500,2000,1353.793000,532.000000,445,4095
167500,168000,2000,1331.802000,532.000000,435,4095
168000,168500,2000,1411.277500,534.000000,442,4095
168500,169000,2000,1356.431000,533.000000,435,4095
169000,169500,2000,1358.598000,533.000000,434,4095
169500,170000,2000,1386.113500,534.000000,435,4095
170000,170500,2000,1347.955000,534.000000,440,4095
170500,171000,2000,1633.137000,796.500000,434,4095
171000,171500,2000,1425.246500,535.000000,441,4095
171500,172000,2000,1417.631000,535.000000,431,4095
172000,172500,2000,1412.738500,535.000000,471,4095
172500,173000,2000,1404.240500,534.000000,431,4095
173000,173500,2000,1432.800500,535.000000,432,4095
173500,174000,2000,1433.303000,535.000000,441,4095
174000,174500,2000,1405.551000,535.000000,436,4095
174500,175000,2000,1407.972500,534.000000,431,4095
175000,175500,2000,1423.865000,535.000000,446,4095
175500,176000,2000,1297.478000,527.000000,427,4095
176000,176500,2000,1768.114000,1610.000000,443,4095
176500,177000,2000,1370.257000,534.000000,441,4095
177000,177500,2000,1348.770500,534.000000,458,4095
177500,178000,2000,1344.075000,534.000000,458,4095
178000,178500,2000,1401.729500,535.000000,435,4095
178500,179000,2000,1427.304000,535.000000,462,4095
179000,179500,2000,1351.042000,535.000000,457,4095
179500,180000,2000,1335.199500,535.000000,457,4095
180000,180500,2000,1417.092500,535.000000,445,4095
180500,181000,2000,1369.767500,535.000000,454,4095
181000,181500,2000,1391.184500,535.000000,451,4095
181500,182000,2000,1645.275000,757.500000,460,4095
182000,182500,2000,1434.145500,535.000000,465,4095
182500,183000,2000,1420.523500,535.000000,463,4095
183000,183500,2000,1426.802000,535.000000,445,4095
183500,184000,2000,1429.688500,535.000000,445,4095
184000,184500,2000,1431.642000,535.000000,463,4095
184500,185000,2000,1438.356000,535.000000,478,4095
185000,185500,2000,1417.012000,535.000000,459,4095
185500,186000,2000,1414.837500,535.000000,463,4095
186000,186500,2000,1431.966500,535.000000,471,4095
186500,187000,2000,1450.008000,535.000000,468,4095
187000,187500,2000,1621.985000,780.000000,467,4095
187500,188000,2000,1369.301500,535.000000,461,4095
188000,188500,2000,1404.508000,535.000000,462,4095
188500,189000,2000,1361.251500,535.000000,467,4095
189000,189500,2000,1356.453000,535.000000,471,4095
189500,190000,2000,1344.487500,535.000000,461,4095
190000,190500,2000,1387.061000,535.000000,473,4095
190500,191000,2000,1387.965000,535.000000,474,4095
191000,191500,2000,1382.037000,535.000000,461,4095
191500,192000,2000,1382.858000,535.000000,467,4095
192000,192500,2000,1666.287000,1199.500000,467,4095
192500,193000,2000,1433.927500,535.000000,445,4095
193000,193500,2000,1407.477500,535.000000,462,4095
193500,194000,2000,1417.777000,535.000000,447,4095
194000,194500,2000,1422.261000,535.000000,443,4095
194500,195000,2000,1430.699000,535.000000,406,4095
195000,195500,2000,1424.434500,535.000000,411,4095
195500,196000,2000,1410.522000,535.000000,413,4095
196000,196500,2000,1332.034000,533.000000,432,4095
196500,197000,2000,1405.691000,535.000000,443,4095
197000,197500,2000,1513.244500,537.000000,443,4095
197500,198000,2000,1501.698500,538.000000,437,4095
198000,198500,2000,1521.863500,538.000000,457,4095
198500,199000,2000,1422.082000,536.000000,447,4095
199000,199500,2000,1386.376500,537.000000,451,4095
199500,200000,2000,1405.209000,537.000000,436,4095
200000,200500,2000,1439.795000,537.000000,455,4095
200500,201000,2000,1395.853000,535.000000,435,4095
201000,201500,2000,1357.241500,536.000000,437,4095
201500,202000,2000,1396.814000,537.000000,439,4095
202000,202500,2000,1368.224000,536.000000,444,4095
202500,203000,2000,1640.303500,787.500000,441,4095
203000,203500,2000,1433.424500,537.000000,445,4095
203500,204000,2000,1411.242000,537.000000,454,4095
204000,204500,2000,1418.470500,536.000000,445,4095
204500,205000,2000,1442.120000,537.000000,486,4095
205000,205500,2000,1405.105500,537.000000,437,4095
205500,206000,2000,1406.800000,537.000000,436,4095
206000,206500,2000,1450.951500,538.000000,446,4095
206500,207000,2000,1440.575000,537.000000,446,4095
207000,207500,2000,1413.224000,537.000000,445,4095
207500,208000,2000,1420.560000,537.000000,445,4095
208000,208500,2000,1632.030000,797.000000,459,4095
208500,209000,2000,1399.777500,537.000000,468,4095
209000,209500,2000,1376.632500,537.000000,467,4095
209500,210000,2000,1385.345500,537.000000,468,4095
210000,210500,2000,1339.625500,536.000000,464,4095
210500,211000,2000,1409.642000,537.000000,466,4095
211000,211500,2000,1402.593000,537.000000,467,4095
211500,212000,2000,1353.498500,537.000000,456,4095
212000,212500,2000,1398.132500,537.000000,461,4095
212500,213000,2000,1374.428500,537.000000,460,4095
213000,213500,2000,1424.491500,537.000000,469,4095
213500,214000,2000,1665.573500,750.000000,471,4095
214000,214500,2000,1449.056500,537.000000,463,4095
214500,215000,2000,1432.254500,537.000000,469,4095
215000,215500,2000,1436.212500,537.000000,469,4095
215500,216000,2000,1435.600500,537.000000,464,4095
216000,216500,2000,1421.042000,537.000000,470,4095
216500,217000,2000,1415.693500,537.000000,462,4095
217000,217500,2000,1434.514500,537.000000,471,4095
217500,218000,2000,1422.912000,537.000000,484,4095
218000,218500,2000,1432.973500,537.000000,477,4095
218500,219000,2000,1463.595500,537.000000,460,4095
219000,219500,2000,1594.740000,539.000000,447,4095
219500,220000,2000,1349.017500,537.000000,459,4095
220000,220500,2000,1409.583000,537.000000,460,4095
220500,221000,2000,1343.284500,537.000000,457,4095
221000,221500,2000,1408.455500,537.000000,459,4095
221500,222000,2000,1397.506500,537.000000,441,4095
222000,222500,2000,1340.188000,536.000000,461,4095
222500,223000,2000,1353.884500,536.000000,477,4095
223000,223500,2000,1395.398500,537.000000,453,4095
223500,224000,2000,1384.972500,537.000000,455,4095
224000,224500,2000,1647.388500,865.000000,467,4095
224500,225000,2000,1432.625000,537.000000,441,4095
225000,225500,2000,1431.281500,537.000000,435,4095
225500,226000,2000,1438.921000,537.000000,437,4095
226000,226500,2000,1429.028000,537.000000,423,4095
226500,227000,2000,1413.603000,537.000000,417,4095
227000,227500,2000,1421.911000,537.000000,428,4095
227500,228000,2000,1416.450000,537.000000,440,4095
228000,228500,2000,1429.111500,537.000000,439,4095
228500,229000,2000,1408.134500,537.000000,448,4095
229000,229500,2000,1474.351000,537.000000,437,4095
229500,230000,2000,1532.988500,538.000000,447,4095
230000,230500,2000,1405.521000,537.000000,431,4095
230500,231000,2000,1384.790500,536.000000,435,4095
231000,231500,2000,1345.950000,532.000000,436,4095
231500,232000,2000,1368.267500,535.000000,436,4095
232000,232500,2000,1391.724000,536.500000,446,4095
232500,233000,2000,1365.297500,536.000000,439,4095
233000,233500,2000,1358.529000,536.000000,445,4095
233500,234000,2000,1409.558000,537.000000,444,4095
234000,234500,2000,1377.543000,537.000000,443,4095
234500,235000,2000,1641.520000,757.000000,439,4095
235000,235500,2000,1438.557000,537.000000,445,4095
235500,236000,2000,1423.965500,537.000000,446,4095
236000,236500,2000,1502.077500,537.000000,436,4095
236500,237000,2000,1432.630000,537.000000,447,4095
237000,237500,2000,1424.713000,537.000000,438,4095
237500,238000,2000,1406.603000,537.000000,458,4095
238000,238500,2000,1415.860000,537.000000,461,4095
238500,239000,2000,1428.389500,537.000000,472,4095
239000,239500,2000,1424.500000,537.000000,469,4095
239500,240000,2000,1421.590500,537.000000,474,4095
240000,240500,2000,1653.562000,945.000000,461,4095
240500,241000,2000,1356.590000,536.000000,469,4095
241000,241500,2000,1371.150500,537.000000,462,4095
241500,242000,2000,1429.600000,537.000000,467,4095
242000,242500,2000,1334.642000,536.000000,461,4095
242500,243000,2000,1390.673500,537.000000,461,4095
243000,243500,2000,1437.478000,537.000000,467,4095
243500,244000,2000,1343.749500,537.000000,467,4095
244000,244500,2000,1395.230500,537.000000,467,4095
244500,245000,2000,1382.579000,537.000000,463,4095
245000,245500,2000,1397.963000,537.000000,475,4095
245500,246000,2000,1649.869500,895.000000,463,4095
246000,246500,2000,1435.188000,537.000000,447,4095
246500,247000,2000,1410.474500,537.000000,467,4095
247000,247500,2000,1448.856000,537.000000,460,4095
247500,248000,2000,1414.381500,537.000000,459,4095
248000,248500,2000,1407.475500,536.000000,467,4095
248500,249000,2000,1422.255500,537.000000,461,4095
249000,249500,2000,1432.096000,537.000000,459,4095
249500,250000,2000,1401.848000,537.000000,459,4095
250000,250500,2000,1418.221000,537.000000,463,4095
250500,251000,2000,1447.708500,537.000000,461,4095
251000,251500,2000,1613.048000,554.500000,459,4095
251500,252000,2000,1372.274500,536.000000,465,4095
252000,252500,2000,1349.949000,536.000000,454,4095
252500,253000,2000,1402.777500,537.000000,455,4095
253000,253500,2000,1373.822000,536.000000,459,4095
253500,254000,2000,1319.647000,537.000000,455,4095
254000,254500,2000,1430.438500,537.000000,461,4095
254500,255000,2000,1375.770000,537.000000,472,4095
255000,255500,2000,1344.015500,537.000000,455,4095
255500,256000,2000,1411.877500,537.000000,453,4095
256000,256500,2000,1672.042500,847.000000,443,4095
256500,257000,2000,1434.105500,537.000000,443,4095
257000,257500,2000,1424.233000,537.000000,454,4095
257500,258000,2000,1440.264000,537.000000,444,4095
258000,258500,2000,1418.214000,537.000000,435,4095
258500,259000,2000,1418.054500,537.000000,435,4095
259000,259500,2000,1407.646000,537.000000,427,4095
259500,260000,2000,1419.634500,537.000000,413,4095
260000,260500,2000,1410.375000,537.000000,453,4095
260500,261000,2000,1359.512000,535.500000,437,4095
261000,261500,2000,1440.078500,537.000000,446,4095
261500,262000,2000,1452.841000,537.000000,440,4095
262000,262500,2000,1406.851000,536.000000,447,4095
262500,263000,2000,1431.672000,537.000000,446,4095
263000,263500,2000,1422.307500,537.000000,445,4095
263500,264000,2000,1443.917000,537.000000,451,4095
264000,264500,2000,1417.774000,537.000000,445,4095
264500,265000,2000,1384.795500,536.500000,435,4095
265000,265500,2000,1367.153500,536.000000,448,4095
265500,266000,2000,1361.624500,535.000000,453,4095
266000,266500,2000,1363.135000,536.000000,441,4095
266500,267000,2000,1642.093500,1050.500000,453,4095
267000,267500,2000,1424.890000,537.000000,445,4095
267500,268000,2000,1421.663500,537.000000,445,4095
268000,268500,2000,1415.837000,537.000000,435,4095
268500,269000,2000,1422.908500,537.000000,459,4095
269000,269500,2000,1397.415500,536.000000,458,4095
269500,270000,2000,1420.815000,537.000000,467,4095
270000,270500,2000,1421.686000,537.000000,463,4095
270500,271000,2000,1439.846000,537.000000,458,4095
271000,271500,2000,1417.348000,537.000000,462,4095
271500,272000,2000,1414.820500,537.000000,461,4095
272000,272500,2000,1626.587500,540.500000,462,4095
272500,273000,2000,1427.233000,537.000000,461,4095
273000,273500,2000,1420.337000,537.000000,461,4095
273500,274000,2000,1399.446000,537.000000,461,4095
274000,274500,2000,1305.025500,534.000000,457,4095
274500,275000,2000,1386.312000,535.000000,459,4095
275000,275500,2000,1395.376500,535.000000,458,4095
275500,276000,2000,1350.330500,534.000000,457,4095
276000,276500,2000,1364.769500,535.000000,459,4095
276500,277000,2000,1368.895500,535.000000,457,4095
277000,277500,2000,1420.088000,535.000000,459,4095
277500,278000,2000,1621.744000,741.000000,461,4095
278000,278500,2000,1406.153000,535.000000,467,4095
278500,279000,2000,1429.751500,535.000000,459,4095
279000,279500,2000,1405.919500,535.000000,456,4095
279500,280000,2000,1406.928500,535.000000,463,4095
280000,280500,2000,1409.113500,534.000000,457,4095
280500,281000,2000,1413.654000,535.000000,458,4095
281000,281500,2000,1432.346500,535.000000,459,4095
281500,282000,2000,1405.331500,535.000000,442,4095
282000,282500,2000,1417.647000,535.000000,455,4095
282500,283000,2000,1468.903500,535.500000,459,4095
283000,283500,2000,1569.947000,540.000000,462,4095
283500,284000,2000,1349.737000,534.000000,457,4095
284000,284500,2000,1372.712500,535.000000,453,4095
284500,285000,2000,1353.543000,534.000000,455,4095
285000,285500,2000,1333.530000,533.000000,458,4095
285500,286000,2000,1374.469000,535.000000,448,4095
286000,286500,2000,1371.963500,534.000000,444,4095
286500,287000,2000,1347.378500,533.500000,445,4095
287000,287500,2000,1378.829500,534.000000,436,4095
287500,288000,2000,1364.467000,534.000000,431,4095
288000,288500,2000,1645.457500,993.500000,441,4095
288500,289000,2000,1405.812500,535.000000,443,4095
289000,289500,2000,1406.042500,535.000000,440,4095
289500,290000,2000,1431.017500,535.000000,413,4095
290000,290500,2000,1399.613500,535.000000,443,4095
290500,291000,2000,1417.898000,535.000000,413,4095
291000,291500,2000,1406.634000,535.000000,442,4095
291500,292000,2000,1405.486000,535.000000,444,4095
292000,292500,2000,1431.072000,535.000000,425,4095
292500,293000,2000,1379.726000,533.000000,433,4095
293000,293500,2000,1315.892500,532.000000,436,4095
293500,294000,2000,1508.472000,536.000000,431,4095
294000,294500,2000,1569.516500,537.500000,445,4095
294500,295000,2000,1418.463000,535.000000,431,4095
295000,295500,2000,1339.600500,534.000000,431,4095
295500,296000,2000,1391.327000,534.000000,439,4095
296000,296500,2000,1338.153500,533.000000,443,4095
296500,297000,2000,1382.836000,535.000000,443,4095
297000,297500,2000,1358.500500,534.000000,430,4095
297500,298000,2000,1362.094500,535.000000,439,4095
298000,298500,2000,1346.038500,535.000000,447,4095
298500,299000,2000,1627.985500,809.500000,457,4095
299000,299500,2000,1411.350000,535.000000,460,4095
299500,300000,2000,1392.426000,535.000000,461,4095
300000,300500,2000,1411.162500,535.000000,465,4095
300500,301000,2000,1396.051500,535.000000,456,4095
301000,301500,2000,1438.327500,535.000000,463,4095
301500,302000,2000,1399.302000,535.000000,461,4095
302000,302500,2000,1398.344500,535.000000,459,4095
302500,303000,2000,1403.000500,535.000000,461,4095
303000,303500,2000,1425.961500,535.000000,462,4095
303500,304000,2000,1412.477000,535.000000,431,4095
304000,304500,2000,1634.451500,858.000000,440,4095
304500,305000,2000,1383.758000,535.000000,461,4095
305000,305500,2000,1337.318500,534.000000,448,4095
305500,306000,2000,1337.760500,535.000000,437,4095
306000,306500,2000,1423.389500,535.000000,447,4095
306500,307000,2000,1349.525000,534.000000,459,4095
307000,307500,2000,1342.518500,534.000000,457,4095
307500,308000,2000,1376.222500,535.000000,439,4095
308000,308500,2000,1339.489500,534.000000,455,4095
308500,309000,2000,1356.515500,535.000000,453,4095
309000,309500,2000,1459.150500,536.000000,455,4095
309500,310000,2000,1655.808000,1068.000000,453,4095
310000,310500,2000,1409.976500,535.000000,457,4095
310500,311000,2000,1397.947500,535.000000,458,4095
311000,311500,2000,1407.415000,535.000000,465,4095
311500,312000,2000,1403.795000,535.000000,447,4095
312000,312500,2000,1438.958500,535.000000,465,4095
312500,313000,2000,1401.673000,535.000000,460,4095
313000,313500,2000,1403.078000,535.000000,454,4095
313500,314000,2000,1412.357000,535.000000,455,4095
314000,314500,2000,1384.998000,535.000000,443,4095
314500,315000,2000,1477.509000,535.000000,451,4095
315000,315500,2000,1537.224500,536.000000,462,4095
315500,316000,2000,1318.113500,533.000000,457,4095
316000,316500,2000,1314.127500,534.000000,442,4095
316500,317000,2000,1332.574000,535.000000,443,4095
317000,317500,2000,1322.575000,533.000000,437,4095
317500,318000,2000,1319.073500,533.000000,439,4095
318000,318500,2000,1502.844000,537.000000,439,4095
318500,319000,2000,1385.017500,535.000000,436,4095
319000,319500,2000,1329.879500,533.000000,433,4095
319500,320000,2000,1356.885500,535.000000,433,4095
320000,320500,2000,1614.527000,739.500000,429,4095
320500,321000,2000,1398.386000,534.000000,443,4095
321000,321500,2000,1426.938500,535.000000,437,4095
321500,322000,2000,1402.202500,535.000000,420,4095
322000,322500,2000,1410.865500,535.000000,413,4095
322500,323000,2000,1387.928500,534.000000,421,4095
323000,323500,2000,1408.748000,535.000000,441,4095
323500,324000,2000,1412.479500,535.000000,445,4095
324000,324500,2000,1410.051000,535.000000,435,4095
324500,325000,2000,1399.464000,534.000000,429,4095
325000,325500,2000,1485.584000,535.000000,430,4095
325500,326000,2000,1416.623000,535.000000,436,4095
326000,326500,2000,1328.480000,533.000000,429,4095
326500,327000,2000,1301.664500,525.500000,430,4095
327000,327500,2000,1357.356500,533.000000,441,4095
327500,328000,2000,1563.055000,540.000000,443,4095
328000,328500,2000,1372.504000,534.000000,435,4095
328500,329000,2000,1333.052500,535.000000,455,4095
329000,329500,2000,1355.752000,535.000000,461,4095
329500,330000,2000,1359.468500,535.000000,456,4095
330000,330500,2000,1365.219000,535.000000,457,4095
330500,331000,2000,1620.496000,800.000000,461,4095
331000,331500,2000,1408.876500,535.000000,442,4095
331500,332000,2000,1409.355000,535.000000,461,4095
332000,332500,2000,1411.962000,536.000000,461,4095
332500,333000,2000,1430.378000,535.000000,447,4095
333000,333500,2000,1398.599500,535.000000,447,4095
333500,334000,2000,1413.305000,535.000000,461,4095
334000,334500,2000,1418.117000,535.000000,465,4095
334500,335000,2000,1423.641000,535.000000,456,4095
335000,335500,2000,1416.727500,535.000000,460,4095
335500,336000,2000,1406.296500,535.000000,456,4095
336000,336500,2000,1613.990000,792.000000,452,4095
336500,337000,2000,1357.512000,535.000000,457,4095
337000,337500,2000,1347.094500,535.000000,451,4095
337500,338000,2000,1411.494500,535.000000,453,4095
338000,338500,2000,1320.564500,535.000000,455,4095
338500,339000,2000,1427.054000,535.000000,459,4095
339000,339500,2000,1323.405000,535.000000,456,4095
339500,340000,2000,1362.260000,535.000000,445,4095
340000,340500,2000,1377.766000,535.000000,461,4095
340500,341000,2000,1381.394000,535.000000,453,4095
341000,341500,2000,1379.499000,535.000000,457,4095
341500,342000,2000,1632.668500,790.000000,447,4095
342000,342500,2000,1396.787000,535.000000,460,4095
342500,343000,2000,1409.782500,536.000000,444,4095
343000,343500,2000,1414.212500,535.000000,461,4095
343500,344000,2000,1397.051000,535.000000,446,4095
344000,344500,2000,1392.764500,535.000000,451,4095
344500,345000,2000,1424.563500,536.000000,461,4095
345000,345500,2000,1415.038500,535.000000,442,4095
345500,346000,2000,1511.583000,537.000000,452,4095
346000,346500,2000,1424.899000,535.000000,459,4095
346500,347000,2000,1405.889000,535.000000,445,4095
347000,347500,2000,1574.422500,572.000000,432,4095
347500,348000,2000,1399.093000,535.000000,440,4095
348000,348500,2000,1340.573000,533.000000,439,4095
348500,349000,2000,1326.170000,534.000000,440,4095
349000,349500,2000,1390.243000,535.000000,431,4095
349500,350000,2000,1360.540500,533.000000,444,4095
350000,350500,2000,1319.523500,535.000000,432,4095
350500,351000,2000,1386.848500,535.000000,443,4095
351000,351500,2000,1324.055500,533.000000,437,4095
351500,352000,2000,1370.258000,534.000000,441,4095
352000,352500,2000,1663.054000,1186.500000,432,4095
352500,353000,2000,1386.591500,534.000000,436,4095
353000,353500,2000,1388.470500,535.000000,428,4095
353500,354000,2000,1408.832500,535.000000,407,4095
354000,354500,2000,1412.472500,535.000000,442,4095
354500,355000,2000,1391.183500,535.000000,428,4095
355000,355500,2000,1382.719500,535.000000,443,4095
355500,356000,2000,1331.299500,527.000000,444,4095
356000,356500,2000,1396.289500,535.000000,439,4095
356500,357000,2000,1394.680500,534.000000,431,4095
357000,357500,2000,1314.034000,532.500000,439,4095
357500,358000,2000,1785.730000,1923.000000,443,4095
358000,358500,2000,1362.629000,535.000000,430,4095
358500,359000,2000,1369.063500,534.000000,445,4095
359000,359500,2000,1387.954500,535.000000,455,4095
359500,360000,2000,1364.204500,535.000000,460,4095
360000,360500,2000,1360.021500,535.000000,462,4095
360500,361000,2000,1337.679500,535.000000,455,4095
361000,361500,2000,1407.559000,535.000000,457,4095
361500,362000,2000,1355.674500,535.000000,459,4095
362000,362500,2000,1352.621500,535.000000,456,4095
362500,363000,2000,1600.263500,751.500000,453,4095
363000,363500,2000,1406.950500,535.000000,453,4095
363500,364000,2000,1394.229500,535.000000,457,4095
364000,364500,2000,1402.974000,535.000000,456,4095
364500,365000,2000,1419.207500,535.000000,459,4095
365000,365500,2000,1400.843000,535.000000,459,4095
365500,366000,2000,1391.802000,535.000000,457,4095
366000,366500,2000,1417.866500,535.000000,459,4095
366500,367000,2000,1422.808000,535.000000,441,4095
367000,367500,2000,1405.041000,535.000000,460,4095
367500,368000,2000,1399.832500,535.000000,455,4095
368000,368500,2000,1626.787500,774.500000,456,4095
368500,369000,2000,1347.495500,535.000000,458,4095
369000,369500,2000,1381.966500,535.000000,457,4095
369500,370000,2000,1362.561000,535.000000,459,4095
370000,370500,2000,1351.267500,535.000000,440,4095
370500,371000,2000,1390.011500,535.000000,460,4095
371000,371500,2000,1361.364500,535.000000,459,4095
371500,372000,2000,1356.499000,535.000000,459,4095
372000,372500,2000,1372.407000,535.000000,455,4095
372500,373000,2000,1342.915500,534.500000,459,4095
373000,373500,2000,1380.092500,535.000000,459,4095
373500,374000,2000,1652.641000,1214.000000,459,4095
374000,374500,2000,1397.197000,535.000000,445,4095
374500,375000,2000,1408.881000,535.000000,457,4095
375000,375500,2000,1409.278000,535.000000,460,4095
375500,376000,2000,1411.313500,535.000000,467,4095
376000,376500,2000,1417.153000,535.000000,459,4095
376500,377000,2000,1400.271000,535.000000,463,4095
377000,377500,2000,1415.536000,535.000000,457,4095
377500,378000,2000,1404.369000,535.000000,442,4095
378000,378500,2000,1392.047000,534.000000,429,4095
378500,379000,2000,1248.826500,525.000000,436,4095
379000,379500,2000,1736.597500,1678.500000,443,4095
379500,380000,2000,1366.274000,534.000000,439,4095
380000,380500,2000,1217.700500,523.000000,430,4095
380500,381000,2000,1247.089000,524.000000,430,4095
381000,381500,2000,1589.010000,541.000000,441,4095
381500,382000,2000,1333.279500,534.000000,443,4095
382000,382500,2000,1420.792000,535.000000,439,4095
382500,383000,2000,1380.232000,534.000000,430,4095
383000,383500,2000,1339.450000,535.000000,430,4095
383500,384000,2000,1350.157000,535.000000,428,4095
384000,384500,2000,1628.604000,986.500000,417,4095
384500,385000,2000,1398.794500,535.000000,432,4095
385000,385500,2000,1400.049500,535.000000,424,4095
385500,386000,2000,1393.321000,535.000000,439,4095
386000,386500,2000,1423.520500,535.000000,427,4095
386500,387000,2000,1396.941500,535.000000,441,4095
387000,387500,2000,1401.653500,535.000000,424,4095
387500,388000,2000,1390.362500,535.000000,443,4095
388000,388500,2000,1413.901000,535.000000,434,4095
388500,389000,2000,1395.720500,535.000000,461,4095
389000,389500,2000,1484.100000,537.000000,457,4095
389500,390000,2000,1521.226000,537.000000,466,4095
390000,390500,2000,1361.447500,534.000000,443,4095
390500,391000,2000,1392.187500,535.000000,458,4095
391000,391500,2000,1364.324000,535.000000,461,4095
391500,392000,2000,1381.591500,535.000000,464,4095
392000,392500,2000,1307.456500,534.000000,461,4095
392500,393000,2000,1413.110500,535.000000,455,4095
393000,393500,2000,1363.833500,535.000000,456,4095
393500,394000,2000,1354.351500,535.000000,457,4095
394000,394500,2000,1353.053000,534.000000,460,4095
394500,395000,2000,1609.684000,778.000000,459,4095
395000,395500,2000,1420.255500,535.000000,462,4095
395500,396000,2000,1393.654500,535.000000,460,4095
396000,396500,2000,1395.697000,535.000000,442,4095
396500,397000,2000,1391.659500,535.000000,460,4095
397000,397500,2000,1423.983000,535.000000,467,4095
397500,398000,2000,1395.534000,535.000000,453,4095
398000,398500,2000,1404.600000,535.000000,459,4095
398500,399000,2000,1418.019500,535.000000,455,4095
399000,399500,2000,1398.245000,535.000000,457,4095
399500,400000,2000,1417.080500,536.000000,464,4095
400000,400500,2000,1584.753500,618.500000,459,4095
400500,401000,2000,1398.717500,535.000000,455,4095
401000,401500,2000,1372.302500,535.000000,455,4095
401500,402000,2000,1341.300500,535.000000,441,4095
402000,402500,2000,1221.426500,523.000000,423,4095
402500,403000,2000,1491.642000,536.000000,434,4095
403000,403500,2000,1351.605000,535.000000,431,4095
403500,404000,2000,1338.291500,533.000000,441,4095
404000,404500,2000,1359.015000,534.500000,429,4095
404500,405000,2000,1342.771000,531.000000,429,4095
405000,405500,2000,1357.880000,533.000000,439,4095
405500,406000,2000,1608.813500,646.500000,441,4095
406000,406500,2000,1417.332500,535.000000,430,4095
406500,407000,2000,1390.438500,534.000000,430,4095
407000,407500,2000,1407.640500,535.000000,446,4095
407500,408000,2000,1387.733000,534.000000,437,4095
408000,408500,2000,1401.721500,534.000000,429,4095
408500,409000,2000,1402.680000,535.000000,424,4095
409000,409500,2000,1362.538000,533.000000,440,4095
409500,410000,2000,1338.177500,528.500000,437,4095
410000,410500,2000,1392.945500,534.000000,441,4095
410500,411000,2000,1489.491500,537.000000,437,4095
411000,411500,2000,1388.786000,531.000000,430,4095
411500,412000,2000,1297.966500,527.000000,427,4095
412000,412500,2000,1409.992500,534.000000,440,4095
412500,413000,2000,1537.688500,567.000000,441,4095
413000,413500,2000,1347.023000,534.000000,440,4095
413500,414000,2000,1346.266000,532.000000,435,4095
414000,414500,2000,1323.860500,528.500000,437,4095
414500,415000,2000,1348.370000,531.000000,443,4095
415000,415500,2000,1342.136500,533.500000,431,4095
415500,416000,2000,1384.121000,534.000000,425,4095
416000,416500,2000,1611.708500,887.000000,429,4095
416500,417000,2000,1394.680500,534.500000,419,4095
417000,417500,2000,1401.654000,536.000000,445,4095
417500,418000,2000,1387.516000,535.000000,444,4095
418000,418500,2000,1459.425000,535.000000,452,4095
418500,419000,2000,1422.301500,536.000000,458,4095
419000,419500,2000,1383.257000,535.000000,457,4095
419500,420000,2000,1434.693000,536.000000,448,4095
420000,420500,2000,1405.381500,535.000000,463,4095
420500,421000,2000,1398.242500,535.000000,454,4095
421000,421500,2000,1470.843500,537.000000,460,4095
421500,422000,2000,1533.317500,543.500000,455,4095
422000,422500,2000,1358.132000,535.000000,460,4095
422500,423000,2000,1372.264500,535.000000,457,4095
423000,423500,2000,1362.316000,535.000000,457,4095
423500,424000,2000,1356.255000,535.000000,457,4095
424000,424500,2000,1385.162500,535.000000,455,4095
424500,425000,2000,1353.782000,535.000000,457,4095
425000,425500,2000,1353.106500,535.000000,459,4095
425500,426000,2000,1351.867000,535.000000,461,4095
426000,426500,2000,1379.765500,535.000000,455,4095
426500,427000,2000,1599.578500,626.000000,459,4095
427000,427500,2000,1417.135500,535.000000,455,4095
427500,428000,2000,1413.814000,535.000000,462,4095
428000,428500,2000,1400.756500,535.000000,456,4095
428500,429000,2000,1393.228500,535.000000,439,4095
429000,429500,2000,1385.432500,535.000000,461,4095
429500,430000,2000,1404.442500,536.000000,459,4095
430000,430500,2000,1415.380000,535.000000,460,4095
430500,431000,2000,1400.609500,535.000000,461,4095
431000,431500,2000,1404.521500,535.000000,456,4095
431500,432000,2000,1391.896500,535.000000,453,4095
432000,432500,2000,1618.067500,745.500000,457,4095
432500,433000,2000,1332.655000,534.000000,445,4095
433000,433500,2000,1365.911000,535.000000,436,4095
433500,434000,2000,1359.811000,535.000000,441,4095
434000,434500,2000,1331.005000,535.000000,447,4095
434500,435000,2000,1324.920000,535.000000,459,4095
435000,435500,2000,1341.141000,535.000000,458,4095
435500,436000,2000,1379.790000,535.000000,457,4095
436000,436500,2000,1366.429500,535.000000,443,4095
436500,437000,2000,1347.770500,535.000000,459,4095
437000,437500,2000,1364.663000,535.000000,458,4095
437500,438000,2000,1617.994000,879.000000,456,4095
438000,438500,2000,1425.772000,535.000000,456,4095
438500,439000,2000,1391.205500,535.000000,461,4095
439000,439500,2000,1378.854000,534.000000,429,4095
439500,440000,2000,1396.678000,535.000000,443,4095
440000,440500,2000,1398.005500,535.000000,428,4095
440500,441000,2000,1382.702500,534.000000,443,4095
441000,441500,2000,1372.462000,533.000000,440,4095
441500,442000,2000,1370.023000,533.000000,440,4095
442000,442500,2000,1316.349500,534.000000,441,4095
442500,443000,2000,1356.976000,533.000000,435,4095
443000,443500,2000,1539.479500,538.000000,429,4095
443500,444000,2000,1558.592000,591.000000,439,4095
444000,444500,2000,1130.383000,521.000000,437,4095
444500,445000,2000,1587.593000,711.000000,441,4095
445000,445500,2000,1344.938500,533.000000,439,4095
445500,446000,2000,1330.993000,533.000000,440,4095
446000,446500,2000,1309.976000,526.500000,443,4095
446500,447000,2000,1358.301500,534.000000,441,4095
447000,447500,2000,1357.226000,534.000000,407,4095
447500,448000,2000,1366.895000,535.000000,457,4095
448000,448500,2000,1625.200000,960.000000,443,4095
448500,449000,2000,1403.926000,536.000000,453,4095
449000,449500,2000,1390.623000,535.000000,458,4095
449500,450000,2000,1395.654000,535.000000,458,4095
450000,450500,2000,1396.123000,535.000000,457,4095
450500,451000,2000,1382.721500,535.000000,460,4095
451000,451500,2000,1401.496000,535.000000,461,4095
451500,452000,2000,1409.890500,536.000000,461,4095
452000,452500,2000,1394.433500,535.000000,455,4095
452500,453000,2000,1374.964500,535.000000,447,4095
453000,453500,2000,1434.909500,536.000000,446,4095
453500,454000,2000,1487.782500,535.000000,445,4095
454000,454500,2000,1359.579000,535.000000,443,4095
454500,455000,2000,1451.576000,535.000000,443,4095
455000,455500,2000,1390.877500,535.000000,461,4095
455500,456000,2000,1324.040000,535.000000,461,4095
456000,456500,2000,1372.562500,535.000000,459,4095
456500,457000,2000,1379.822000,535.000000,456,4095
457000,457500,2000,1367.306000,535.000000,437,4095
457500,458000,2000,1335.552000,535.000000,445,4095
458000,458500,2000,1354.951500,535.000000,448,4095
458500,459000,2000,1591.845500,782.000000,447,4095
459000,459500,2000,1372.756000,535.000000,456,4095
459500,460000,2000,1420.683000,535.000000,457,4095
460000,460500,2000,1379.613000,535.000000,461,4095
460500,461000,2000,1405.348500,535.000000,455,4095
461000,461500,2000,1406.316500,535.000000,460,4095
461500,462000,2000,1398.729000,535.000000,458,4095
462000,462500,2000,1409.601500,535.000000,455,4095
462500,463000,2000,1407.887500,535.000000,455,4095
463000,463500,2000,1400.402000,535.000000,459,4095
463500,464000,2000,1415.368500,535.000000,454,4095
464000,464500,2000,1607.528500,817.500000,458,4095
464500,465000,2000,1375.418000,534.000000,437,4095
465000,465500,2000,1330.872500,534.000000,457,4095
465500,466000,2000,1369.067000,535.000000,430,4095
466000,466500,2000,1323.775500,535.000000,460,4095
466500,467000,2000,1368.566500,535.000000,459,4095
467000,467500,2000,1313.989000,534.000000,458,4095
467500,468000,2000,1379.008500,534.000000,461,4095
468000,468500,2000,1365.417500,535.000000,458,4095
468500,469000,2000,1367.769500,535.000000,460,4095
469000,469500,2000,1395.962500,535.000000,459,4095
469500,470000,2000,1614.164500,853.000000,445,4095
470000,470500,2000,1400.568500,535.000000,439,4095
470500,471000,2000,1419.530000,535.000000,442,4095
471000,471500,2000,1383.734500,534.000000,435,4095
471500,472000,2000,1392.592500,535.000000,429,4095
472000,472500,2000,1394.128500,535.000000,446,4095
472500,473000,2000,1394.698000,535.000000,441,4095
473000,473500,2000,1356.089500,533.000000,439,4095
473500,474000,2000,1331.363000,529.000000,439,4095
474000,474500,2000,1323.156000,534.000000,434,4095
474500,475000,2000,1381.645500,535.000000,443,4095
475000,475500,2000,1549.952500,537.500000,433,4095
475500,476000,2000,1556.032500,538.000000,443,4095
476000,476500,2000,1087.556500,521.000000,434,4095
476500,477000,2000,1568.913000,715.500000,438,4095
477000,477500,2000,1333.810000,528.500000,442,4095
477500,478000,2000,1343.267500,534.000000,427,4095
478000,478500,2000,1325.830500,534.000000,441,4095
478500,479000,2000,1357.911500,535.000000,457,4095
479000,479500,2000,1345.925000,535.000000,443,4095
479500,480000,2000,1379.791000,535.000000,454,4095
480000,480500,2000,1602.878000,788.000000,431,4095
480500,481000,2000,1389.476500,535.000000,444,4095
481000,481500,2000,1416.797000,535.000000,435,4095
481500,482000,2000,1396.538500,535.000000,455,4095
482000,482500,2000,1397.147000,535.500000,451,4095
482500,483000,2000,1414.505000,536.000000,445,4095
483000,483500,2000,1383.924500,535.000000,459,4095
483500,484000,2000,1418.638500,536.000000,455,4095
484000,484500,2000,1402.939000,535.000000,457,4095
484500,485000,2000,1378.079500,535.000000,454,4095
485000,485500,2000,1456.197000,535.000000,459,4095
485500,486000,2000,1512.964000,537.000000,445,4095
486000,486500,2000,1333.715500,534.000000,444,4095
486500,487000,2000,1327.734500,535.000000,443,4095
487000,487500,2000,1431.277500,535.000000,461,4095
487500,488000,2000,1361.492000,535.000000,455,4095
488000,488500,2000,1368.594500,535.000000,463,4095
488500,489000,2000,1318.402000,534.000000,457,4095
489000,489500,2000,1379.611000,535.000000,465,4095
489500,490000,2000,1358.028500,535.000000,461,4095
490000,490500,2000,1359.627000,535.000000,455,4095
490500,491000,2000,1595.794000,645.500000,455,4095
491000,491500,2000,1502.010500,537.000000,455,4095
491500,492000,2000,1401.017500,536.000000,455,4095
492000,492500,2000,1417.197500,535.000000,443,4095
492500,493000,2000,1410.340500,536.000000,457,4095
493000,493500,2000,1420.416000,535.000000,455,4095
493500,494000,2000,1395.731500,535.000000,469,4095
494000,494500,2000,1409.260500,535.000000,460,4095
494500,495000,2000,1417.806500,535.000000,460,4095
495000,495500,2000,1424.056500,535.000000,445,4095
495500,496000,2000,1401.702500,535.000000,458,4095
496000,496500,2000,1635.046000,1102.000000,456,4095
496500,497000,2000,1366.149000,535.000000,459,4095
497000,497500,2000,1340.294000,535.000000,458,4095
497500,498000,2000,1382.133000,535.000000,461,4095
498000,498500,2000,1320.682500,535.000000,456,4095
498500,499000,2000,1419.630500,535.000000,467,4095
499000,499500,2000,1300.068000,535.000000,461,4095
499500,500000,2000,1425.326500,535.000000,470,4095
500000,500500,2000,1365.413000,535.000000,457,4095
500500,501000,2000,1361.458500,535.000000,447,4095
501000,501500,2000,1367.335500,533.000000,435,4095
501500,502000,2000,1641.394500,1155.500000,428,4095
502000,502500,2000,1395.163000,535.000000,440,4095
502500,503000,2000,1395.343500,535.000000,428,4095
503000,503500,2000,1387.989000,535.000000,428,4095
503500,504000,2000,1409.251500,535.000000,436,4095
504000,504500,2000,1390.489500,534.000000,431,4095
504500,505000,2000,1382.541000,535.000000,429,4095
505000,505500,2000,1377.199500,533.000000,431,4095
505500,506000,2000,1349.391000,533.000000,439,4095
506000,506500,2000,1349.466000,534.000000,443,4095
506500,507000,2000,1359.652000,534.000000,438,4095
507000,507500,2000,1572.745500,574.500000,432,4095
507500,508000,2000,1550.387000,537.000000,429,4095
508000,508500,2000,1121.464000,521.000000,443,4095
508500,509000,2000,1567.130000,539.000000,445,4095
509000,509500,2000,1332.496500,534.000000,459,4095
509500,510000,2000,1347.044500,534.000000,443,4095
510000,510500,2000,1349.861000,535.000000,445,4095
510500,511000,2000,1379.251500,535.000000,457,4095
511000,511500,2000,1338.533000,534.000000,447,4095
511500,512000,2000,1368.801500,535.000000,442,4095
512000,512500,2000,1602.661000,739.000000,444,4095
512500,513000,2000,1395.600000,536.000000,434,4095
513000,513500,2000,1415.081000,535.000000,444,4095
513500,514000,2000,1389.296000,535.000000,443,4095
514000,514500,2000,1397.611000,535.000000,447,4095
514500,515000,2000,1395.479000,535.000000,445,4095
515000,515500,2000,1394.073000,535.000000,455,4095
515500,516000,2000,1395.750500,535.000000,459,4095
516000,516500,2000,1396.173000,535.000000,457,4095
516500,517000,2000,1408.579000,535.000000,461,4095
517000,517500,2000,1397.988000,535.000000,448,4095
517500,518000,2000,1544.409500,540.000000,445,4095
518000,518500,2000,1361.787500,535.000000,457,4095
518500,519000,2000,1374.992500,535.000000,455,4095
519000,519500,2000,1358.007500,535.000000,461,4095
519500,520000,2000,1355.786000,535.000000,462,4095
520000,520500,2000,1375.299500,535.000000,461,4095
520500,521000,2000,1237.352500,533.000000,445,4095
521000,521500,2000,1423.074500,535.000000,455,4095
521500,522000,2000,1367.319000,535.000000,456,4095
522000,522500,2000,1349.136500,535.000000,456,4095
522500,523000,2000,1622.532500,893.000000,460,4095
523000,523500,2000,1384.551000,535.000000,459,4095
523500,524000,2000,1390.492500,535.000000,458,4095
524000,524500,2000,1398.639500,535.000000,459,4095
524500,525000,2000,1396.399000,535.000000,436,4095
525000,525500,2000,1396.568000,535.000000,457,4095
525500,526000,2000,1399.478000,535.000000,459,4095
526000,526500,2000,1386.896000,535.000000,458,4095
526500,527000,2000,1404.283500,535.000000,459,4095
527000,527500,2000,1420.865000,536.000000,455,4095
527500,528000,2000,1471.855500,535.000000,281,4095
528000,528500,2000,1611.038000,771.500000,454,4095
528500,529000,2000,1351.129000,535.000000,440,4095
529000,529500,2000,1345.522500,535.000000,443,4095
529500,530000,2000,1381.532000,535.000000,436,4095
530000,530500,2000,1306.177500,534.000000,445,4095
530500,531000,2000,1355.626500,534.000000,443,4095
531000,531500,2000,1364.788500,534.000000,445,4095
531500,532000,2000,1279.146500,527.000000,429,4095
532000,532500,2000,1416.453500,535.000000,441,4095
532500,533000,2000,1323.634000,533.000000,443,4095
533000,533500,2000,1377.794500,534.000000,429,4095
533500,534000,2000,1587.633000,780.000000,430,4095
534000,534500,2000,1373.727500,535.000000,441,4095
534500,535000,2000,1386.744000,534.000000,441,4095
535000,535500,2000,1385.968000,534.000000,441,4095
535500,536000,2000,1363.197000,534.000000,438,4095
536000,536500,2000,1369.615000,534.000000,429,4095
536500,537000,2000,1377.160000,535.000000,442,4095
537000,537500,2000,1389.487000,535.000000,442,4095
537500,538000,2000,1317.992000,533.000000,443,4095
538000,538500,2000,1364.401500,534.000000,435,4095
538500,539000,2000,1513.522000,536.000000,447,4095
539000,539500,2000,1356.988500,535.000000,441,4095
539500,540000,2000,1283.607000,528.500000,430,4095
540000,540500,2000,1554.859500,665.500000,441,4095
540500,541000,2000,1333.845500,534.000000,440,4095
541000,541500,2000,1338.339000,534.000000,441,4095
541500,542000,2000,1286.901000,531.000000,426,4095
542000,542500,2000,1373.901500,535.000000,443,4095
542500,543000,2000,1317.788000,535.000000,457,4095
543000,543500,2000,1357.985000,535.000000,457,4095
543500,544000,2000,1347.977000,535.000000,457,4095
544000,544500,2000,1612.294500,781.000000,461,4095
544500,545000,2000,1382.364500,535.000000,447,4095
545000,545500,2000,1389.272000,535.000000,444,4095
545500,546000,2000,1388.468500,535.000000,443,4095
546000,546500,2000,1375.188500,535.000000,453,4095
546500,547000,2000,1382.992000,535.000000,443,4095
547000,547500,2000,1394.290500,535.000000,457,4095
547500,548000,2000,1390.045000,535.000000,461,4095
548000,548500,2000,1376.637500,534.000000,457,4095
548500,549000,2000,1418.292000,536.000000,457,4095
549000,549500,2000,1413.409000,535.000000,457,4095
549500,550000,2000,1510.373000,537.000000,459,4095
550000,550500,2000,1399.030000,535.000000,459,4095
550500,551000,2000,1306.134000,534.000000,466,4095
551000,551500,2000,1320.245500,534.000000,457,4095
551500,552000,2000,1345.024500,535.000000,455,4095
552000,552500,2000,1370.286500,534.000000,445,4095
552500,553000,2000,1286.725500,533.000000,458,4095
553000,553500,2000,1374.379000,535.000000,461,4095
553500,554000,2000,1305.247500,534.000000,461,4095
554000,554500,2000,1346.887500,535.000000,455,4095
554500,555000,2000,1574.433000,582.000000,459,4095
555000,555500,2000,1400.326000,535.000000,461,4095
555500,556000,2000,1380.844000,535.000000,443,4095
556000,556500,2000,1417.665500,535.000000,459,4095
556500,557000,2000,1400.247000,535.000000,455,4095
557000,557500,2000,1381.103000,535.000000,456,4095
557500,558000,2000,1383.351000,535.000000,457,4095
558000,558500,2000,1394.375000,535.000000,462,4095
558500,559000,2000,1403.121000,535.000000,457,4095
559000,559500,2000,1389.142000,535.000000,459,4095
559500,560000,2000,1408.107000,535.000000,455,4095
560000,560500,2000,1608.167500,859.000000,438,4095
560500,561000,2000,1354.459500,535.000000,427,4095
561000,561500,2000,1322.178500,535.000000,454,4095
561500,562000,2000,1358.215500,535.000000,458,4095
562000,562500,2000,1332.346000,533.000000,426,4095
562500,563000,2000,1370.278500,533.000000,440,4095
563000,563500,2000,1344.884000,533.000000,440,4095
563500,564000,2000,1297.715500,525.000000,431,4095
564000,564500,2000,1455.168000,534.000000,429,4095
564500,565000,2000,1347.473000,535.000000,441,4095
565000,565500,2000,1353.906500,533.000000,436,4095
565500,566000,2000,1598.228500,830.500000,428,4095
566000,566500,2000,1369.765000,534.000000,439,4095
566500,567000,2000,1381.626500,534.000000,439,4095
567000,567500,2000,1371.051500,534.000000,425,4095
567500,568000,2000,1382.793000,535.000000,427,4095
568000,568500,2000,1381.999500,534.000000,427,4095
568500,569000,2000,1377.448000,535.000000,438,4095
569000,569500,2000,1388.198000,534.000000,440,4095
569500,570000,2000,1332.281000,532.500000,439,4095
570000,570500,2000,1461.051500,537.000000,452,4095
570500,571000,2000,1466.314500,536.000000,461,4095
571000,571500,2000,1507.786500,536.000000,460,4095
571500,572000,2000,1360.377500,535.000000,459,4095
572000,572500,2000,1339.175000,535.000000,453,4095
572500,573000,2000,1323.950500,534.000000,463,4095
573000,573500,2000,1348.415000,535.000000,437,4095
573500,574000,2000,1366.372500,535.000000,452,4095
574000,574500,2000,1341.989000,534.000000,454,4095
574500,575000,2000,1362.847500,536.000000,459,4095
575000,575500,2000,1360.223500,535.000000,454,4095
575500,576000,2000,1356.927000,535.000000,459,4095
576000,576500,2000,1603.089000,780.000000,453,4095
576500,577000,2000,1384.896000,535.000000,441,4095
577000,577500,2000,1397.534500,535.000000,455,4095
577500,578000,2000,1380.526000,535.000000,458,4095
578000,578500,2000,1377.529500,535.000000,457,4095
578500,579000,2000,1382.133500,535.000000,459,4095
579000,579500,2000,1392.709500,535.000000,458,4095
579500,580000,2000,1390.825500,535.000000,459,4095
580000,580500,2000,1383.700000,535.000000,453,4095
580500,581000,2000,1391.892500,535.000000,441,4095
581000,581500,2000,1395.675500,535.000000,446,4095
581500,582000,2000,1575.921500,541.000000,447,4095
582000,582500,2000,1358.319500,535.000000,459,4095
582500,583000,2000,1363.768000,535.000000,457,4095
583000,583500,2000,1366.942000,534.000000,457,4095
583500,584000,2000,1306.106000,533.000000,448,4095
584000,584500,2000,1385.761500,535.000000,461,4095
584500,585000,2000,1324.340500,534.000000,459,4095
585000,585500,2000,1351.875000,534.000000,459,4095
585500,586000,2000,1355.720500,535.000000,458,4095
586000,586500,2000,1328.889500,534.000000,455,4095
586500,587000,2000,1584.128500,816.000000,441,4095
587000,587500,2000,1397.091500,535.000000,454,4095
587500,588000,2000,1369.668000,535.000000,457,4095
588000,588500,2000,1374.303000,535.000000,455,4095
588500,589000,2000,1402.890500,535.000000,453,4095
589000,589500,2000,1378.503500,535.000000,460,4095
589500,590000,2000,1394.156000,535.000000,457,4095
590000,590500,2000,1388.145500,535.000000,455,4095
590500,591000,2000,1395.184000,535.000000,454,4095
591000,591500,2000,1399.223000,535.000000,458,4095
591500,592000,2000,1383.044500,535.000000,454,4095
592000,592500,2000,1572.036500,563.000000,455,4095
592500,593000,2000,1181.053000,523.000000,431,4095
593000,593500,2000,1487.030500,536.000000,411,4095
593500,594000,2000,1146.359500,521.000000,429,4095
594000,594500,2000,1528.980500,538.000000,427,4095
594500,595000,2000,1332.331500,531.000000,441,4095
595000,595500,2000,1347.386500,533.000000,442,4095
595500,596000,2000,1317.920000,531.000000,431,4095
596000,596500,2000,1345.546500,534.000000,434,4095
596500,597000,2000,1309.016500,531.000000,430,4095
597000,597500,2000,1348.593500,533.500000,438,4095
597500,598000,2000,1581.139000,835.500000,423,4095
598000,598500,2000,1375.996500,535.000000,437,4095
598500,599000,2000,1366.971500,534.000000,439,4095
599000,599500,2000,1375.865000,535.000000,439,4095
599500,600000,2000,1376.564500,534.000000,441,4095
600000,600500,2000,1432.761500,534.000000,435,4095
600500,601000,2000,1411.584000,535.000000,428,4095
601000,601500,2000,1370.079000,535.000000,443,4095
601500,602000,2000,1372.539500,535.000000,467,4095
602000,602500,2000,1378.244500,535.000000,457,4095
602500,603000,2000,1364.198000,535.000000,443,4095
603000,603500,2000,1544.136000,629.500000,451,4095
603500,604000,2000,1324.843000,535.000000,461,4095
604000,604500,2000,1340.390000,535.000000,457,4095
604500,605000,2000,1356.033500,535.000000,459,4095
605000,605500,2000,1319.375000,535.000000,456,4095
605500,606000,2000,1338.901000,535.000000,455,4095
606000,606500,2000,1331.903000,535.000000,455,4095
606500,607000,2000,1344.061000,535.000000,431,4095
607000,607500,2000,1370.866500,535.000000,454,4095
607500,608000,2000,1333.500500,534.000000,462,4095
608000,608500,2000,1592.626500,718.000000,453,4095
608500,609000,2000,1408.298000,535.000000,455,4095
609000,609500,2000,1389.291000,535.000000,445,4095
609500,610000,2000,1392.528500,535.000000,467,4095
610000,610500,2000,1382.485000,535.000000,442,4095
610500,611000,2000,1373.904000,535.000000,455,4095
611000,611500,2000,1394.761000,535.000000,469,4095
611500,612000,2000,1387.007000,535.000000,443,4095
612000,612500,2000,1369.437000,535.000000,456,4095
612500,613000,2000,1387.539000,535.000000,477,4095
613000,613500,2000,1428.125000,535.000000,444,4095
613500,614000,2000,1455.879000,536.000000,456,4095
614000,614500,2000,1381.906500,535.000000,460,4095
614500,615000,2000,1347.344500,535.000000,447,4095
615000,615500,2000,1365.577000,535.000000,455,4095
615500,616000,2000,1350.609500,535.000000,461,4095
616000,616500,2000,1346.385500,535.000000,443,4095
616500,617000,2000,1353.821500,535.000000,455,4095
617000,617500,2000,1292.830000,534.000000,454,4095
617500,618000,2000,1331.251500,535.000000,454,4095
618000,618500,2000,1320.050000,534.000000,459,4095
618500,619000,2000,1579.432000,774.000000,461,4095
619000,619500,2000,1375.141500,537.000000,442,4095
619500,620000,2000,1401.806000,537.000000,444,4095
620000,620500,2000,1380.498000,537.000000,472,4095
620500,621000,2000,1369.380000,537.000000,455,4095
621000,621500,2000,1374.614500,537.000000,445,4095
621500,622000,2000,1382.753000,537.000000,436,4095
622000,622500,2000,1376.768500,537.000000,445,4095
622500,623000,2000,1389.625500,537.000000,457,4095
623000,623500,2000,1285.650500,526.000000,436,4095
623500,624000,2000,1357.131500,537.000000,443,4095
624000,624500,2000,1498.267500,539.000000,427,4095
624500,625000,2000,1389.663500,536.000000,421,4095
625000,625500,2000,1511.008500,539.000000,443,4095
625500,626000,2000,1145.307500,523.000000,441,4095
626000,626500,2000,1510.027000,538.000000,440,4095
626500,627000,2000,1117.497000,522.000000,431,4095
627000,627500,2000,1530.930000,539.000000,437,4095
627500,628000,2000,1320.742500,527.500000,437,4095
628000,628500,2000,1329.618000,535.000000,443,4095
628500,629000,2000,1321.850000,529.000000,443,4095
629000,629500,2000,1349.709500,536.000000,441,4095
629500,630000,2000,1600.033000,722.000000,436,4095
630000,630500,2000,1365.821000,536.000000,440,4095
630500,631000,2000,1376.041000,536.000000,443,4095
631000,631500,2000,1369.741000,536.000000,445,4095
631500,632000,2000,1372.234500,537.000000,455,4095
632000,632500,2000,1394.056000,537.000000,459,4095
632500,633000,2000,1357.971500,536.000000,458,4095
633000,633500,2000,1374.546500,537.000000,459,4095
633500,634000,2000,1386.641500,537.000000,460,4095
634000,634500,2000,1369.954000,536.000000,459,4095
634500,635000,2000,1428.636000,537.000000,457,4095
635000,635500,2000,1546.171000,538.000000,462,4095
635500,636000,2000,1318.660500,536.000000,458,4095
636000,636500,2000,1352.103000,537.000000,459,4095
636500,637000,2000,1352.016500,536.000000,443,4095
637000,637500,2000,1417.039500,537.000000,457,4095
637500,638000,2000,1341.785500,536.000000,439,4095
638000,638500,2000,1364.578000,537.000000,457,4095
638500,639000,2000,1326.007500,536.000000,455,4095
639000,639500,2000,1339.519000,537.000000,459,4095
639500,640000,2000,1356.068500,537.000000,453,4095
640000,640500,2000,1589.168500,543.500000,445,4095
640500,641000,2000,1390.068000,537.000000,459,4095
641000,641500,2000,1389.657000,537.000000,444,4095
641500,642000,2000,1379.329000,537.000000,456,4095
642000,642500,2000,1382.942000,537.000000,443,4095
642500,643000,2000,1376.830000,536.500000,453,4095
643000,643500,2000,1385.395000,536.000000,461,4095
643500,644000,2000,1374.187500,536.000000,442,4095
644000,644500,2000,1384.821500,537.000000,457,4095
644500,645000,2000,1405.406000,537.000000,456,4095
645000,645500,2000,1403.524000,537.000000,455,4095
645500,646000,2000,1548.242500,541.000000,454,4095
646000,646500,2000,1333.995000,536.000000,457,4095
646500,647000,2000,1340.239000,536.000000,443,4095
647000,647500,2000,1366.022000,536.000000,459,4095
647500,648000,2000,1279.377000,535.000000,456,4095
648000,648500,2000,1358.719500,536.000000,457,4095
648500,649000,2000,1293.450500,535.000000,455,4095
649000,649500,2000,1336.472500,536.000000,453,4095
649500,650000,2000,1333.525000,536.000000,453,4095
650000,650500,2000,1323.750500,536.000000,447,4095
650500,651000,2000,1579.212500,723.000000,453,4095
651000,651500,2000,1389.695000,537.000000,455,4095
651500,652000,2000,1378.001000,537.000000,459,4095
652000,652500,2000,1370.658500,537.000000,457,4095
652500,653000,2000,1373.758000,537.000000,455,4095
653000,653500,2000,1380.317000,537.000000,456,4095
653500,654000,2000,1382.502000,537.000000,437,4095
654000,654500,2000,1358.336500,536.000000,436,4095
654500,655000,2000,1379.531000,537.000000,427,4095
655000,655500,2000,1372.916000,536.000000,405,4095
655500,656000,2000,1224.740000,523.000000,423,4095
656000,656500,2000,1732.042000,1781.000000,416,4095
656500,657000,2000,1338.623000,535.000000,425,4095
657000,657500,2000,1208.046500,523.000000,428,4095
657500,658000,2000,1224.839000,525.000000,443,4095
658000,658500,2000,1525.745500,539.000000,441,4095
658500,659000,2000,1329.001000,533.000000,429,4095
659000,659500,2000,1320.104500,534.000000,443,4095
659500,660000,2000,1293.867500,526.500000,431,4095
660000,660500,2000,1361.098500,534.000000,428,4095
660500,661000,2000,1347.048500,534.500000,439,4095
661000,661500,2000,1359.147500,534.000000,430,4095
661500,662000,2000,1602.628000,937.000000,431,4095
662000,662500,2000,1373.460000,535.000000,427,4095
662500,663000,2000,1374.365000,535.000000,436,4095
663000,663500,2000,1380.099000,534.000000,440,4095
663500,664000,2000,1357.806000,533.000000,438,4095
664000,664500,2000,1373.275500,535.000000,434,4095
664500,665000,2000,1366.933000,535.000000,443,4095
665000,665500,2000,1367.057500,535.000000,455,4095
665500,666000,2000,1371.959000,535.000000,455,4095
666000,666500,2000,1376.555500,535.000000,459,4095
666500,667000,2000,1434.650500,536.000000,459,4095
667000,667500,2000,1509.273000,537.000000,460,4095
667500,668000,2000,1285.411000,534.000000,459,4095
668000,668500,2000,1339.624500,535.000000,455,4095
668500,669000,2000,1362.974000,535.000000,459,4095
669000,669500,2000,1317.392500,535.000000,455,4095
669500,670000,2000,1312.588000,535.000000,455,4095
670000,670500,2000,1357.903500,535.000000,453,4095
670500,671000,2000,1343.251500,535.000000,455,4095
671000,671500,2000,1351.258000,535.000000,439,4095
671500,672000,2000,1330.022500,535.000000,455,4095
672000,672500,2000,1581.984500,764.500000,446,4095
672500,673000,2000,1365.771000,535.000000,459,4095
673000,673500,2000,1432.275500,535.000000,455,4095
673500,674000,2000,1389.198500,535.000000,455,4095
674000,674500,2000,1365.318500,535.000000,459,4095
674500,675000,2000,1382.306500,535.000000,457,4095
675000,675500,2000,1382.694500,535.000000,442,4095
675500,676000,2000,1373.063000,534.000000,455,4095
676000,676500,2000,1383.851500,535.000000,459,4095
676500,677000,2000,1382.004500,535.000000,461,4095
677000,677500,2000,1402.242000,535.000000,456,4095
677500,678000,2000,1568.090500,539.000000,461,4095
678000,678500,2000,1372.835500,535.000000,457,4095
678500,679000,2000,1343.395000,534.000000,457,4095
679000,679500,2000,1277.562500,534.500000,455,4095
679500,680000,2000,1375.432000,535.000000,454,4095
680000,680500,2000,1357.523000,535.000000,447,4095
680500,681000,2000,1362.077500,535.000000,459,4095
681000,681500,2000,1319.559000,535.000000,447,4095
681500,682000,2000,1295.214000,535.000000,437,4095
682000,682500,2000,1363.967500,535.000000,465,4095
682500,683000,2000,1613.768500,602.000000,461,4095
683000,683500,2000,1405.283500,535.000000,461,4095
683500,684000,2000,1380.219000,535.000000,457,4095
684000,684500,2000,1381.001500,535.000000,457,4095
684500,685000,2000,1373.175500,535.000000,417,4095
685000,685500,2000,1376.619000,534.000000,420,4095
685500,686000,2000,1375.736500,535.000000,434,4095
686000,686500,2000,1355.752500,535.000000,426,4095
686500,687000,2000,1378.736000,535.000000,431,4095
687000,687500,2000,1348.918000,534.000000,439,4095
687500,688000,2000,1286.936000,531.000000,415,4095
688000,688500,2000,1686.969000,1619.500000,421,4095
688500,689000,2000,1309.547500,533.000000,444,4095
689000,689500,2000,1200.413000,521.000000,425,4095
689500,690000,2000,1209.756000,522.000000,429,4095
690000,690500,2000,1591.275500,564.000000,426,4095
690500,691000,2000,1340.757000,533.000000,437,4095
691000,691500,2000,1316.337500,533.000000,442,4095
691500,692000,2000,1249.101000,523.000000,437,4095
692000,692500,2000,1431.627500,535.000000,428,4095
692500,693000,2000,1318.996500,533.000000,439,4095
693000,693500,2000,1346.009000,534.000000,427,4095
693500,694000,2000,1569.280000,592.500000,429,4095
694000,694500,2000,1369.639500,535.000000,440,4095
694500,695000,2000,1389.426000,535.000000,438,4095
695000,695500,2000,1368.895000,535.000000,427,4095
695500,696000,2000,1357.483500,535.000000,454,4095
696000,696500,2000,1391.498000,536.000000,457,4095
696500,697000,2000,1368.958000,535.000000,461,4095
697000,697500,2000,1374.577000,535.000000,446,4095
697500,698000,2000,1390.645000,535.000000,456,4095
698000,698500,2000,1370.966000,535.000000,462,4095
698500,699000,2000,1432.413500,535.000000,459,4095
699000,699500,2000,1498.727000,537.000000,455,4095
699500,700000,2000,1333.676500,534.000000,456,4095
700000,700500,500,854.662000,519.000000,459,4095
